10911017,https://www.linkedin.com/in/therohitraj
10911019,https://www.linkedin.com/in/vikrantkaul
10911020,https://in.linkedin.com/in/joamon
10911021,https://sg.linkedin.com/in/kirtidhingra
10911024,https://in.linkedin.com/in/nirav-maheshwari-7917ba7
10911025,https://www.linkedin.com/in/yashvardhansingh
10911036,https://www.linkedin.com/in/medhavim
10911038,https://www.linkedin.com/in/shweta-singh-4145818
10911039,https://in.linkedin.com/in/ram-vijay-singh-67571b18
10911044,https://www.linkedin.com/in/supersid
10911048,https://kw.linkedin.com/in/pillaisharath
10911050,https://in.linkedin.com/in/priyadarshini-laishram-98112411
10911057,https://in.linkedin.com/in/saralchandra
10911062,https://nl.linkedin.com/in/deepankgup
10911063,https://in.linkedin.com/in/ashutosh-mani-pathak-439589102
10911064,https://in.linkedin.com/in/cschauhan
10911068,https://www.linkedin.com/in/vipula-harne-a560325
10911069,https://www.linkedin.com/in/gautam-paul-a879518
10911073,https://in.linkedin.com/in/deepak-kumar-13216514
10911078,https://www.linkedin.com/in/sudip-das-b9a80010
10911083,https://in.linkedin.com/in/nitin-chadha-b37811a
10911086,https://in.linkedin.com/in/digvendra-yadav-249b927
10911087,https://in.linkedin.com/in/varunmodi3
10911091,https://in.linkedin.com/in/indranilguharoy